<?xml version="1.0" encoding="utf-8"?>
<Elements xmlns="http://schemas.microsoft.com/sharepoint/">
  <CustomAction 
    Id="CreateOfficeDocumentsAction" 
    RegistrationId="0x0101"
    RegistrationType="ContentType"
    Location="CommandUI.Ribbon" 
    Title="Create new Office documents"
    Rights="AddListItems">
    <CommandUIExtension>
      <CommandUIDefinitions>        
        <CommandUIDefinition Location="Ribbon.Documents.New.Controls._children">
          <SplitButton Id="Ribbon.Documents.New.CreateOfficeDocuments"
                       Command="CreateWordDocumentCommand"
                       TemplateAlias="o2"
                       Image32by32="/_layouts/images/lg_icdocx.png"
                       LabelText="Create Document"
                       Sequence="1">
            <Menu Id="Ribbon.Documents.New.NewOfficeDocuments.Menu">
              <MenuSection Id="Ribbon.Documents.New.CreateOfficeDocuments.Menu.Section" DisplayMode="Menu32">
                <Controls Id="Ribbon.Documents.New.CreateOfficeDocuments.Menu.Section.Controls">
                  <Button 
                    Id="Ribbon.Documents.New.CreateOfficeDocuments.CreateWordDocument"
                    Command="CreateWordDocumentCommand" 
                    Description="Create a document" 
                    TemplateAlias="o2"
                    Image32by32="/_layouts/images/lg_icdocx.png"
                    LabelText="Word Document"/>
                  <Button
                    Id="Ribbon.Documents.New.CreateOfficeDocuments.CreateExcelDocument"
                    Command="CreateExcelDocumentCommand"
                    Description="Create a spreadsheet"
                    TemplateAlias="o2"
                    Image32by32="/_layouts/images/lg_icxlsx.png"
                    LabelText="Excel Document"/>
                  <Button
                    Id="Ribbon.Documents.New.CreateOfficeDocuments.CreatePowerPointDocument"
                    Command="CreatePowerPointDocumentCommand"
                    Description="Create a presentation"
                    TemplateAlias="o2"
                    Image32by32="/_layouts/images/lg_icpptx.png"
                    LabelText="PowerPoint Document"/>
                  <Button
                    Id="Ribbon.Documents.New.CreateOfficeDocuments.CreateNotesDocument"
                    Command="CreateNotesDocumentCommand"
                    Description="Create a set of notes"
                    TemplateAlias="o2"
                    Image32by32="/_layouts/images/lg_iconp.png"
                    LabelText="Notes Document"/>
                </Controls>
              </MenuSection>
            </Menu>
          </SplitButton>
        </CommandUIDefinition>
      </CommandUIDefinitions>                  
      <CommandUIHandlers>
        <CommandUIHandler Command="CreateWordDocumentCommand" 
                          CommandAction="javascript:
                          document.location=
                            '{SiteUrl}/_layouts/CreateNewDocument.aspx' + 
                            '?id={SiteUrl}/OfficeTemplates/word.dotx' +
                            '&amp;SaveLocation=' + encodeURIComponent('{SiteUrl}/{ListUrlDir}') +
                            '&amp;Source={Source}' +
                            '&amp;DefaultItemOpen=1';" 
                          />
        <CommandUIHandler Command="CreateExcelDocumentCommand"
                          CommandAction="javascript:
                          document.location=
                            '{SiteUrl}/_layouts/xlviewer.aspx' + 
                            '?new=1' +
                            '&amp;SaveLocation=' + encodeURIComponent('{SiteUrl}/{ListUrlDir}') +
                            '&amp;Source={Source}' +
                            '&amp;DefaultItemOpen=1';"
                          />
        <CommandUIHandler Command="CreatePowerPointDocumentCommand"
                          CommandAction="javascript:
                          document.location=
                            '{SiteUrl}/_layouts/CreateNewDocument.aspx' + 
                            '?id={SiteUrl}/OfficeTemplates/powerpoint.pptx' +
                            '&amp;SaveLocation=' + encodeURIComponent('{SiteUrl}/{ListUrlDir}') +
                            '&amp;Source={Source}' +
                            '&amp;DefaultItemOpen=1';"
                          />
        <CommandUIHandler Command="CreateNotesDocumentCommand"
                          CommandAction="javascript:
                          document.location=
                            '{SiteUrl}/_layouts/CreateNewDocument.aspx' + 
                            '?id={SiteUrl}/OfficeTemplates/notes.onepkg' +
                            '&amp;SaveLocation=' + encodeURIComponent('{SiteUrl}/{ListUrlDir}') +
                            '&amp;Source={Source}' +
                            '&amp;DefaultItemOpen=1';"
                          />
      </CommandUIHandlers>
    </CommandUIExtension>
  </CustomAction>
</Elements>
