﻿<?xml version="1.0" encoding="utf-8"?>
<Feature xmlns="http://schemas.microsoft.com/sharepoint/" Title="Office Web Apps Document Templates" Creator="Igor Sedukhin" Description="Templates and ribbon buttons to create Word, Excel, One Note and Power Point documents in document libraries." Id="d6a1d79d-03f4-40d8-8744-8ef8e8a5272c" Scope="Web">
  <Properties>
    <Property Key="GloballyAvailable" Value="true" />
  </Properties>
  <ActivationDependencies>
    <ActivationDependency FeatureTitle="Office Web Apps" FeatureId="0c504a5c-bcea-4376-b05e-cbca5ced7b4f" />
  </ActivationDependencies>
  <ElementManifests>
    <ElementManifest Location="RibbonActions\Elements.xml" />
    <ElementManifest Location="Files\Elements.xml" />
    <ElementFile Location="Files\excel.xltx" />
    <ElementFile Location="Files\notes.onepkg" />
    <ElementFile Location="Files\word.dotx" />
    <ElementFile Location="Files\powerpoint.pptx" />
  </ElementManifests>
</Feature>